<?xml version="1.0" encoding="UTF-8"?>
<project-private xmlns="http://www.netbeans.org/ns/project-private/1">
    <editor-bookmarks xmlns="http://www.netbeans.org/ns/editor-bookmarks/2" lastBookmarkId="0"/>
    <open-files xmlns="http://www.netbeans.org/ns/projectui-open-files/2">
        <group>
            <file>file:/E:/Materi/AAAA%20-%20UPN/Semester%203/Object%20Oriented%20Programming/kopi%20Projek/src/projek/praktikum/akhir/CDashboardUser.java</file>
            <file>file:/E:/Materi/AAAA%20-%20UPN/Semester%203/Object%20Oriented%20Programming/kopi%20Projek/src/projek/praktikum/akhir/CDashboardAdmin.java</file>
        </group>
    </open-files>
</project-private>
